from_block	to_block	delta_secs	from_ts	to_ts
1	2	183	2026-03-14 22:04:53	2026-03-14 22:07:56
2	3	65	2026-03-14 22:07:56	2026-03-14 22:09:01
3	4	10	2026-03-14 22:09:01	2026-03-14 22:09:11
4	5	54	2026-03-14 22:09:11	2026-03-14 22:10:05
5	6	243	2026-03-14 22:10:05	2026-03-14 22:14:08
6	7	216	2026-03-14 22:14:08	2026-03-14 22:17:44
7	8	355	2026-03-14 22:17:44	2026-03-14 22:23:39
8	9	230	2026-03-14 22:23:39	2026-03-14 22:27:29
9	10	10	2026-03-14 22:27:29	2026-03-14 22:27:39
10	11	0	2026-03-14 22:27:39	2026-03-14 22:27:39
11	12	233	2026-03-14 22:27:39	2026-03-14 22:31:32
12	13	60	2026-03-14 22:31:32	2026-03-14 22:32:32
13	14	68	2026-03-14 22:32:32	2026-03-14 22:33:40
14	15	70	2026-03-14 22:33:40	2026-03-14 22:34:50
15	16	9	2026-03-14 22:34:50	2026-03-14 22:34:59
16	17	207	2026-03-14 22:34:59	2026-03-14 22:38:26
17	18	54	2026-03-14 22:38:26	2026-03-14 22:39:20
18	19	211	2026-03-14 22:39:20	2026-03-14 22:42:51
19	20	144	2026-03-14 22:42:51	2026-03-14 22:45:15
20	21	108	2026-03-14 22:45:15	2026-03-14 22:47:03
21	22	106	2026-03-14 22:47:03	2026-03-14 22:48:49
22	23	295	2026-03-14 22:48:49	2026-03-14 22:53:44
23	24	250	2026-03-14 22:53:44	2026-03-14 22:57:54
24	25	374	2026-03-14 22:57:54	2026-03-14 23:04:08
25	26	60	2026-03-14 23:04:08	2026-03-14 23:05:08
26	27	8	2026-03-14 23:05:08	2026-03-14 23:05:16
27	28	123	2026-03-14 23:05:16	2026-03-14 23:07:19
28	29	57	2026-03-14 23:07:19	2026-03-14 23:08:16
29	30	99	2026-03-14 23:08:16	2026-03-14 23:09:55
